Month_Year,Dasarian,Mangsa,RR_sum,Tavg_dasarian,RH_avg_dasarian,ss_dasarian,ff_avg_dasarian,ddd_car_most,wind_degrees,Potensi_Hujan,Musim,Mangsa_baru,Cuaca,wind_degrees_new
2000-01,1,7,208.2,27.24,82.9,4.84,3.1,W ,270,True,Hujan,7,1,270
2000-01,2,7,203.6,26.72,83.3,3.91,3.2,W ,270,True,Hujan,7,1,270
2000-01,3,7,128.5,26.62727273,82.90909091,2.527272727,4.363636364,W ,270,True,Hujan,7,1,270
2000-02,1,7,158.9,26.68,82.0,1.44,4.3,W ,270,True,Hujan,7,1,270
2000-02,2,8,55.3,27.37,80.2,3.56,3.9,SW,270,True,Hujan,8,1,225
2000-02,3,8,79.6,27.18888889,80.0,2.733333333,3.666666667,W ,270,True,Hujan,8,1,225
2000-03,1,9,55.3,27.3,80.9,3.49,3.8,W ,270,True,Hujan,9,1,180
2000-03,2,9,64.1,27.44,79.0,4.53,4.2,NW,315,True,Hujan,9,1,180
2000-03,3,9,153.8,27.1,82.63636364,4.590909091,2.727272727,E ,90,True,Hujan,9,1,180
2000-04,1,10,76.7,28.03,81.2,3.89,3.2,N ,0,True,Hujan,10,1,135
2000-04,2,10,87.8,27.34,83.5,4.28,3.0,E ,90,True,Hujan,10,1,135
2000-04,3,11,70.6,27.53,81.8,4.7,3.1,E ,90,True,Hujan,11,1,135
2000-05,1,11,74.7,27.43,80.2,5.25,3.4,E ,90,True,Hujan,11,1,135
2000-05,2,11,93.8,28.25,79.4,4.76,3.6,E ,90,True,Hujan,11,1,135
2000-05,3,12,11.2,28.10909091,79.63636364,6.545454545,3.909090909,E ,90,False,Kemarau,12,0,90
2000-06,1,12,33.3,27.36,77.6,5.78,4.1,E ,90,False,Kemarau,12,0,90
2000-06,2,12,2.3,27.1,75.4,5.59,4.3,E ,90,False,Kemarau,12,0,90
2000-06,3,12,0.0,26.87,73.5,7.17,3.7,E ,90,False,Kemarau,1,0,45
2000-07,1,1,0.0,26.8,73.6,7.76,3.7,E ,90,False,Kemarau,1,0,45
2000-07,2,1,4.4,26.93,71.9,7.65,5.7,E ,90,False,Kemarau,1,0,45
2000-07,3,1,2.5,26.70909091,71.90909091,7.781818182,4.727272727,E ,90,False,Kemarau,2,0,45
2000-08,1,1,0.0,26.62,73.6,7.66,4.9,E ,90,False,Kemarau,2,0,45
2000-08,2,2,0.0,26.48,70.7,7.27,4.0,E ,90,False,Kemarau,3,0,0
2000-08,3,2,0.0,27.27272727,70.63636364,7.927272727,4.727272727,E ,90,False,Kemarau,3,0,0
2000-09,1,3,0.0,27.84,69.6,8.0,4.7,E ,90,False,Kemarau,4,0,315
2000-09,2,3,0.0,27.82,70.7,7.62,4.8,E ,90,False,Kemarau,4,0,315
2000-09,3,4,0.0,28.56,68.5,7.92,4.8,E ,90,False,Kemarau,4,0,315
2000-10,1,4,0.0,29.18,67.5,6.9,4.7,E ,90,False,Kemarau,5,0,315
2000-10,2,4,31.3,28.63,74.6,3.05,3.7,E ,90,False,Kemarau,5,0,315
2000-10,3,5,156.0,28.09090909,76.18181818,4.354545455,3.545454545,E ,90,True,Hujan,6,1,270
2000-11,1,5,60.2,28.44,79.4,5.36,3.3,E ,90,True,Hujan,6,1,270
2000-11,2,6,93.4,27.72,82.7,4.12,3.3,NE,45,True,Hujan,6,1,270
2000-11,3,6,38.5,27.47,81.7,2.46,4.0,E ,90,False,Hujan,6,1,270
2000-12,1,6,0.0,28.53,66.3,6.02,4.5,W ,270,False,Hujan,6,1,270
2000-12,2,6,172.9,27.26,84.4,3.3,3.2,E ,90,True,Hujan,7,1,270
2000-12,3,6,60.0,28.89090909,75.0,5.490909091,3.636363636,E ,90,True,Hujan,7,1,270
2001-01,1,7,155.2,27.0,83.0,4.96,3.8,NW,315,True,Hujan,7,1,270
2001-01,2,7,33.9,27.01,81.6,2.53,3.8,NW,315,False,Hujan,7,1,270
2001-01,3,7,136.4,27.20909091,84.27272727,4.272727273,3.272727273,E ,90,True,Hujan,8,1,225
2001-02,1,7,149.5,26.35,83.6,2.05,4.4,W ,270,True,Hujan,8,1,225
2001-02,2,8,50.2,27.78,74.2,4.48,5.7,NW,315,True,Hujan,9,1,180
2001-02,3,8,133.3,27.2375,81.0,5.075,3.125,E ,90,True,Hujan,9,1,180
2001-03,1,9,324.4,26.78,84.2,5.62,3.0,S ,180,True,Hujan,9,1,180
2001-03,2,9,139.5,26.86,83.3,4.01,3.4,W ,270,True,Hujan,10,1,135
2001-03,3,9,125.1,27.24545455,83.0,4.627272727,3.272727273,E ,90,True,Hujan,10,1,135
2001-04,1,10,119.1,27.44,84.7,5.49,3.2,E ,90,True,Hujan,11,1,135
2001-04,2,10,90.3,26.93,83.1,5.15,3.0,E ,90,True,Hujan,11,1,135
2001-04,3,11,22.5,27.93,77.0,6.628582308,3.4,E ,90,False,Kemarau,12,0,90
2001-05,1,11,49.7,28.17,78.6,6.46,3.3,E ,90,False,Kemarau,12,0,90
2001-05,2,11,27.0,27.59,76.9,7.36,3.2,E ,90,False,Kemarau,12,0,90
2001-05,3,12,32.9,27.86363636,77.72727273,7.409090909,3.181818182,E ,90,False,Kemarau,12,0,90
2001-06,1,12,79.4,27.11,83.4,4.82,3.0,E ,90,True,Kemarau,12,0,90
2001-06,2,12,119.7,26.87,79.4,6.88,2.8,E ,90,True,Kemarau,1,0,45
2001-06,3,12,37.5,27.05,77.6,7.56,3.4,E ,90,False,Kemarau,1,0,45
2001-07,1,1,0.0,25.5,74.0,7.82,3.6,E ,90,False,Kemarau,1,0,45
2001-07,2,1,90.7,26.92,81.0,7.06,3.4,E ,90,True,Kemarau,1,0,45
2001-07,3,1,0.0,26.93636364,75.09090909,7.709090909,3.909090909,E ,90,False,Kemarau,1,0,45
2001-08,1,1,0.0,25.61,72.3,8.0,3.2,E ,90,False,Kemarau,2,0,45
2001-08,2,2,0.0,26.27,71.2,7.62,3.2,E ,90,False,Kemarau,2,0,45
2001-08,3,2,0.0,26.73636364,71.72727273,7.781818182,3.636363636,E ,90,False,Kemarau,3,0,0
2001-09,1,3,0.0,27.55,72.4,7.72,3.6,E ,90,False,Kemarau,3,0,0
2001-09,2,3,0.0,27.85,71.0,7.9,3.7,E ,90,False,Kemarau,4,0,315
2001-09,3,4,0.0,28.26,69.9,7.74,3.7,E ,90,False,Kemarau,4,0,315
2001-10,1,4,12.9,28.19,73.4,4.82,2.7,E ,90,False,Kemarau,4,0,315
2001-10,2,4,48.1,28.42,75.2,5.34,2.9,E ,90,False,Kemarau,4,0,315
2001-10,3,5,46.5,28.36363636,76.09090909,5.754545455,3.090909091,E ,90,False,Kemarau,5,0,315
2001-11,1,5,15.4,29.02,73.9,6.12,2.9,E ,90,False,Kemarau,5,0,315
2001-11,2,6,57.2,28.01,79.5,5.35,2.5,E ,90,True,Hujan,6,1,270
2001-11,3,6,63.0,27.85,80.1,4.09,2.6,E ,90,True,Hujan,6,1,270
2001-12,1,6,49.8,27.25,75.0,2.95,2.8,W ,270,False,Hujan,6,1,270
2001-12,2,6,223.6,27.1,81.7,4.04,2.7,E ,90,True,Hujan,6,1,270
2001-12,3,6,146.5,27.69090909,80.09090909,5.472727273,2.636363636,N ,0,True,Hujan,7,1,270
2002-01,1,7,213.3,27.33,81.6,5.29,3.2,NW,315,True,Hujan,7,1,270
2002-01,2,7,161.8,27.72,82.1,5.16,2.5,E ,90,True,Hujan,7,1,270
2002-01,3,7,196.1,26.5,85.45454545,3.009090909,2.818181818,W ,270,True,Hujan,8,1,225
2002-02,1,7,63.5,26.58,83.4,2.56,5.0,W ,270,True,Hujan,8,1,225
2002-02,2,8,90.3,27.08,81.3,4.69,5.3,W ,270,True,Hujan,9,1,180
2002-02,3,8,112.218662,27.2875,83.25,4.525,4.5,E ,90,True,Hujan,9,1,180
2002-03,1,9,75.2,27.21,84.7,3.8,3.3,N ,0,True,Hujan,9,1,180
2002-03,2,9,97.1,27.8,81.2,6.9,3.1,E ,90,True,Hujan,10,1,135
2002-03,3,9,36.2,27.79090909,82.18181818,5.0,3.272727273,NE,45,False,Hujan,10,1,135
2002-04,1,10,38.4,27.84,79.1,5.61,3.7,E ,90,False,Hujan,11,1,135
2002-04,2,10,71.78524078,27.53,82.7,5.33,3.5,E ,90,True,Hujan,11,1,135
2002-04,3,11,43.48524078,28.35,77.1,7.28,3.8,E ,90,False,Kemarau,12,0,90
2002-05,1,11,1.7,28.64,77.8,6.24,3.9,E ,90,False,Kemarau,12,0,90
2002-05,2,11,39.5,27.74,77.3,7.26,3.6,E ,90,False,Kemarau,12,0,90
2002-05,3,12,39.58524078,27.70909091,74.63636364,7.627272727,3.909090909,E ,90,False,Kemarau,12,0,90
2002-06,1,12,0.1,28.19,74.4,7.49,5.2,E ,90,False,Kemarau,12,0,90
2002-06,2,12,0.0,27.35,71.8,7.75,4.0,E ,90,False,Kemarau,1,0,45
2002-06,3,12,0.0,26.17,71.4,7.52,3.8,E ,90,False,Kemarau,1,0,45
2002-07,1,1,0.0,25.9,73.0,7.08,2.8,E ,90,False,Kemarau,1,0,45
2002-07,2,1,0.0,26.59,74.4,6.89,3.6,E ,90,False,Kemarau,1,0,45
2002-07,3,1,0.2,26.64545455,73.09090909,7.590909091,4.0,E ,90,False,Kemarau,1,0,45
2002-08,1,1,0.0,26.63,70.0,7.91,4.9,E ,90,False,Kemarau,2,0,45
2002-08,2,2,0.0,25.8,66.2,7.84,4.2,E ,90,False,Kemarau,2,0,45
2002-08,3,2,0.0,25.77272727,70.0,6.936363636,4.363636364,E ,90,False,Kemarau,2,0,45
2002-09,1,3,0.0,26.0,67.2,8.0,3.1,E ,90,False,Kemarau,3,0,0
2002-09,2,3,0.0,26.77,68.4,8.0,2.8,E ,90,False,Kemarau,3,0,0
2002-09,3,4,0.0,27.48,67.6,7.66,2.6,E ,90,False,Kemarau,3,0,0
2002-10,1,4,0.0,27.85,66.5,7.45,2.7,E ,90,False,Kemarau,4,0,315
2002-10,2,4,0.0,28.56,64.2,7.88,3.0,E ,90,False,Kemarau,4,0,315
2002-10,3,5,0.0,28.99090909,66.45454545,6.8,2.545454545,E ,90,False,Kemarau,4,0,315
2002-11,1,5,0.0,29.86,67.3,6.12,4.1,E ,90,False,Kemarau,4,0,315
2002-11,2,6,10.6,29.92,68.4,6.35,3.0,E ,90,False,Kemarau,5,0,315
2002-11,3,6,24.8,28.98,72.0,3.21,2.7,E ,90,False,Kemarau,5,0,315
2002-12,1,6,108.8,28.69,74.8,6.53,3.0,E ,90,True,Hujan,6,1,270
2002-12,2,6,19.8,29.4,73.4,6.78,3.1,E ,90,False,Hujan,6,1,270
2002-12,3,6,77.1,27.63636364,83.63636364,3.481818182,2.818181818,NW,315,True,Hujan,6,1,270
2003-01,1,7,252.6,27.31,81.2,3.31,3.1,W ,270,True,Hujan,6,1,270
2003-01,2,7,152.459331,28.24,76.9,6.33,3.8,NW,315,True,Hujan,6,1,270
2003-01,3,7,249.2,27.17272727,83.90909091,3.609090909,4.0,NW,315,True,Hujan,7,1,270
2003-02,1,7,131.5,27.19,87.7,4.0,2.2,W ,270,True,Hujan,7,1,270
2003-02,2,8,344.1,26.86,86.9,3.87,2.9,E ,90,True,Hujan,7,1,270
2003-02,3,8,65.1,27.9375,82.375,3.35,4.875,NW,315,True,Hujan,7,1,270
2003-03,1,9,132.3,27.33,82.1,5.4,3.0,NW,315,True,Hujan,8,1,225
2003-03,2,9,150.559331,27.44,79.5,6.03,2.4,E ,90,True,Hujan,8,1,225
2003-03,3,9,82.71866197,28.55454545,76.81818182,6.854545455,1.909090909,E ,90,True,Hujan,9,1,180
2003-04,1,10,82.45572233,28.47,78.9,5.44,2.2,E ,90,True,Hujan,9,1,180
2003-04,2,10,17.68524078,29.07,73.5,7.51,3.3,E ,90,False,Hujan,9,1,180
2003-04,3,11,9.5,28.79,74.2,6.4,3.3,E ,90,False,Hujan,10,1,135
2003-05,1,11,52.1,28.02,80.2,3.49,2.9,E ,90,True,Hujan,10,1,135
2003-05,2,11,6.3,27.65,78.6,6.58,3.0,E ,90,False,Hujan,11,1,135
2003-05,3,12,84.48524078,27.64545455,74.72727273,7.7,3.0,E ,90,True,Hujan,11,1,135
2003-06,1,12,0.7,27.85,72.3,8.0,4.3,E ,90,False,Kemarau,12,0,90
2003-06,2,12,51.5,27.11,75.5,7.3,3.5,E ,90,True,Kemarau,12,0,90
2003-06,3,12,0.815732881,26.75,75.0,6.9,2.6,E ,90,False,Kemarau,12,0,90
2003-07,1,1,0.0,25.67,71.9,7.82,2.8,E ,90,False,Kemarau,1,0,45
2003-07,2,1,0.0,25.78,71.2,7.96,2.9,E ,90,False,Kemarau,1,0,45
2003-07,3,1,0.0,26.76363636,70.09090909,7.627272727,3.181818182,E ,90,False,Kemarau,1,0,45
2003-08,1,1,0.0,25.75,70.0,7.8,3.4,E ,90,False,Kemarau,1,0,45
2003-08,2,2,0.0,26.18,70.9,7.52,3.4,E ,90,False,Kemarau,2,0,45
2003-08,3,2,0.0,26.7,69.54545455,7.818181818,3.636363636,E ,90,False,Kemarau,2,0,45
2003-09,1,3,0.0,26.66,64.4,7.89,3.8,E ,90,False,Kemarau,3,0,0
2003-09,2,3,0.0,28.08,66.8,7.86,3.4,E ,90,False,Kemarau,3,0,0
2003-09,3,4,0.0,28.18,65.8,7.96,3.5,E ,90,False,Kemarau,4,0,315
2003-10,1,4,0.0,28.85,69.7,7.24,3.3,E ,90,False,Kemarau,4,0,315
2003-10,2,4,0.0,29.02,63.8,6.05,3.1,E ,90,False,Kemarau,4,0,315
2003-10,3,5,14.0,28.55454545,65.18181818,6.127272727,2.545454545,E ,90,False,Kemarau,5,0,315
2003-11,1,5,5.0,29.45,69.9,6.87,2.6,E ,90,False,Kemarau,5,0,315
2003-11,2,6,95.60966702,28.57,76.9,4.82,2.4,E ,90,True,Hujan,6,1,270
2003-11,3,6,139.0,28.01,78.2,5.032290795,2.5,E ,90,True,Hujan,6,1,270
2003-12,1,6,37.81933405,28.15,79.9,3.35,2.1,E ,90,False,Hujan,6,1,270
2003-12,2,6,54.6,27.89,78.7,3.468436192,2.3,NE,45,True,Hujan,6,1,270
2003-12,3,6,38.11866197,28.1,72.63636364,4.290909091,3.636363636,NW,315,False,Hujan,7,1,270
2004-01,1,7,128.0,27.38,81.8,5.7,3.1,W ,270,True,Hujan,7,1,270
2004-01,2,7,216.7,27.86,83.7,3.03,2.1,E ,90,True,Hujan,7,1,270
2004-01,3,7,142.659331,27.29090909,85.45454545,3.763636364,2.272727273,E ,90,True,Hujan,8,1,225
2004-02,1,7,109.559331,27.46,80.2,3.65,4.5,W ,270,True,Hujan,8,1,225
2004-02,2,8,145.4,27.71,79.9,3.89,5.0,NW,315,True,Hujan,9,1,180
2004-02,3,8,338.1,26.81111111,86.88888889,5.677777778,2.555555556,W ,270,True,Hujan,9,1,180
2004-03,1,9,292.459331,26.77,88.2,3.05,2.6,W ,270,True,Hujan,9,1,180
2004-03,2,9,258.418662,27.13,85.0,2.79,2.7,N ,0,True,Hujan,10,1,135
2004-03,3,9,97.9,28.14545455,81.09090909,6.172727273,2.545454545,E ,90,True,Hujan,10,1,135
2004-04,1,10,9.285240775,28.58,78.7,7.18,2.9,E ,90,False,Hujan,11,1,135
2004-04,2,10,19.28524078,28.79,77.0,6.89,3.1,E ,90,False,Hujan,11,1,135
2004-04,3,11,73.5,28.66,79.9,7.44,3.1,E ,90,True,Hujan,11,1,135
2004-05,1,11,5.1,28.83,75.8,6.26,2.3,E ,90,False,Kemarau,12,0,90
2004-05,2,11,47.0,28.46,76.1,7.05,2.3,E ,90,False,Kemarau,12,0,90
2004-05,3,12,44.17048155,27.89090909,76.90909091,5.863636364,2.181818182,E ,90,False,Kemarau,12,0,90
2004-06,1,12,12.0,26.98,76.0,6.94,2.3,E ,90,False,Kemarau,12,0,90
2004-06,2,12,28.7,27.07,74.5,7.18,3.5,E ,90,False,Kemarau,12,0,90
2004-06,3,12,29.8,26.17,77.0,6.92,2.7,E ,90,False,Kemarau,1,0,45
2004-07,1,1,24.9,27.44,78.8,7.68,3.5,E ,90,False,Kemarau,1,0,45
2004-07,2,1,11.53146576,27.46,76.4,6.82,4.1,E ,90,False,Kemarau,1,0,45
2004-07,3,1,0.815732881,26.15454545,75.72727273,7.645454545,3.0,E ,90,False,Kemarau,1,0,45
2004-08,1,1,0.0,26.05,73.9,7.54,2.5,E ,90,False,Kemarau,1,0,45
2004-08,2,2,0.0,25.6,74.4,7.3,2.9,E ,90,False,Kemarau,2,0,45
2004-08,3,2,0.0,26.34545455,74.0,7.718181818,2.727272727,E ,90,False,Kemarau,2,0,45
2004-09,1,3,0.0,26.85,74.3,7.96,3.2,E ,90,False,Kemarau,3,0,0
2004-09,2,3,0.815732881,27.68,72.4,7.5,3.4,E ,90,False,Kemarau,3,0,0
2004-09,3,4,0.0,27.51,71.9,7.87,4.5,E ,90,False,Kemarau,4,0,315
2004-10,1,4,0.0,28.27,67.9,7.71,4.0,E ,90,False,Kemarau,4,0,315
2004-10,2,4,0.0,28.52,66.1,7.88,3.7,E ,90,False,Kemarau,4,0,315
2004-10,3,5,0.0,29.71818182,68.54545455,7.654545455,4.909090909,E ,90,False,Kemarau,4,0,315
2004-11,1,5,5.0,29.86,69.5,7.65,3.9,E ,90,False,Kemarau,5,0,315
2004-11,2,6,0.0,30.16,68.8,6.17,3.9,E ,90,False,Kemarau,5,0,315
2004-11,3,6,68.6,26.37,81.7,3.99,2.7,N ,0,True,Hujan,6,1,270
2004-12,1,6,83.6,27.25,84.5,3.09,3.1,E ,90,True,Hujan,6,1,270
2004-12,2,6,23.81933405,29.07,78.5,6.68,2.7,E ,90,False,Hujan,6,1,270
2004-12,3,6,111.0,27.74545455,82.54545455,2.827272727,3.454545455,E ,90,True,Hujan,6,1,270
2005-01,1,7,67.25933099,28.29,79.2,0.34,3.1,E ,90,True,Hujan,6,1,270
2005-01,2,7,87.85933099,27.69,81.4,0.37,3.5,W ,270,True,Hujan,6,1,270
2005-01,3,7,77.2,27.46363636,82.81818182,0.363636364,3.636363636,NW,315,True,Hujan,7,1,270
2005-02,1,7,97.6,28.04,79.4,6.753796348,4.5,NW,315,True,Hujan,7,1,270
2005-02,2,8,109.259331,28.13,80.8,5.343796348,3.1,E ,90,True,Hujan,7,1,270
2005-02,3,8,111.759331,27.3875,85.25,3.417245434,2.5,E ,90,True,Hujan,7,1,270
2005-03,1,9,119.059331,27.33,82.7,5.03,3.9,W ,270,True,Hujan,7,1,270
2005-03,2,9,63.05933099,28.08,81.4,6.14,3.0,W ,270,True,Hujan,8,1,225
2005-03,3,9,176.3704816,27.85454545,84.90909091,4.4,3.090909091,E ,90,True,Hujan,8,1,225
2005-04,1,10,95.78524078,27.09,87.6,3.69,1.9,E ,90,True,Hujan,8,1,225
2005-04,2,10,162.7704816,27.7,82.5,5.61,2.7,E ,90,True,Hujan,9,1,180
2005-04,3,11,16.8,29.21,76.4,7.46,5.9,E ,90,False,Hujan,9,1,180
2005-05,1,11,242.3,28.45,80.6,6.27,4.8,E ,90,True,Hujan,9,1,180
2005-05,2,11,0.0,27.35,73.8,7.62,5.8,E ,90,False,Hujan,9,1,180
2005-05,3,12,40.8,28.01818182,76.36363636,7.218181818,5.545454545,E ,90,False,Hujan,10,1,135
2005-06,1,12,53.1,27.95,79.6,7.39,7.1,E ,90,True,Hujan,10,1,135
2005-06,2,12,24.6,27.76,83.3,5.18,5.0,E ,90,False,Hujan,10,1,135
2005-06,3,12,98.0,27.61,83.3,5.97,5.2,E ,90,True,Hujan,11,1,135
2005-07,1,1,13.21573288,27.01,79.5,5.53,4.0,E ,90,False,Hujan,11,1,135
2005-07,2,1,109.3157329,27.44,80.6,7.33,4.6,E ,90,True,Hujan,11,1,135
2005-07,3,1,0.0,26.24545455,74.18181818,7.527272727,3.636363636,E ,90,False,Kemarau,12,0,90
2005-08,1,1,4.0,26.46,74.8,7.68,3.5,E ,90,False,Kemarau,12,0,90
2005-08,2,2,1.631465761,26.96,75.8,7.78,4.0,E ,90,False,Kemarau,12,0,90
2005-08,3,2,0.5,27.10909091,71.81818182,7.545454545,3.363636364,E ,90,False,Kemarau,1,0,45
2005-09,1,3,0.815732881,27.49,68.7,7.16,3.4,E ,90,False,Kemarau,1,0,45
2005-09,2,3,0.0,28.08,70.1,7.48,3.8,E ,90,False,Kemarau,1,0,45
2005-09,3,4,15.2,28.94,69.4,7.9,3.6,E ,90,False,Kemarau,2,0,45
2005-10,1,4,0.0,28.73,66.5,7.66,3.4,E ,90,False,Kemarau,3,0,0
2005-10,2,4,40.80966702,28.37,77.2,4.82,2.5,E ,90,False,Kemarau,4,0,315
2005-10,3,5,16.6,28.61818182,76.09090909,5.754545455,2.636363636,E ,90,False,Kemarau,4,0,315
2005-11,1,5,0.0,29.67,68.5,7.41,2.6,E ,90,False,Kemarau,5,0,315
2005-11,2,6,23.7,29.12,72.9,7.1,2.8,E ,90,False,Kemarau,5,0,315
2005-11,3,6,65.71933405,27.88,80.2,4.17,2.029465187,E ,90,True,Hujan,6,1,270
2005-12,1,6,98.21933405,27.59,84.1,3.17,1.9,E ,90,True,Hujan,6,1,270
2005-12,2,6,156.819334,27.08,85.6,4.00458159,1.7,N ,0,True,Hujan,6,1,270
2005-12,3,6,155.3,26.78181818,86.0,2.709090909,2.363636364,W ,270,True,Hujan,6,1,270
2006-01,1,7,244.759331,26.75,86.9,3.93,1.9,E ,90,True,Hujan,7,1,270
2006-01,2,7,79.51866197,27.33,82.3,3.69,4.2,W ,270,True,Hujan,7,1,270
2006-01,3,7,94.2,27.29090909,82.09090909,2.718181818,5.181818182,W ,270,True,Hujan,7,1,270
2006-02,1,7,417.818662,27.0,84.4,5.473796348,2.6,W ,270,True,Hujan,8,1,225
2006-02,2,8,250.4373239,27.46,84.1,6.06,2.4,W ,270,True,Hujan,8,1,225
2006-02,3,8,299.1,26.7625,87.125,3.629745434,3.25,W ,270,True,Hujan,9,1,180
2006-03,1,9,108.777993,26.83,84.5,2.27,3.5,S ,180,True,Hujan,9,1,180
2006-03,2,9,104.8,27.37,83.2,4.09,4.0,W ,270,True,Hujan,9,1,180
2006-03,3,9,128.2704816,27.57272727,83.72727273,3.7,4.090909091,W ,270,True,Hujan,10,1,135
2006-04,1,10,147.4852408,27.73,79.4,5.06,4.1,W ,270,True,Hujan,10,1,135
2006-04,2,10,73.18524078,27.74,83.5,5.63,2.4,E ,90,True,Hujan,11,1,135
2006-04,3,11,55.1,27.74,82.7,5.38,2.5,E ,90,True,Hujan,11,1,135
2006-05,1,11,179.1852408,27.57,84.2,5.39,2.4,E ,90,True,Hujan,11,1,135
2006-05,2,11,0.0,27.83,76.3,7.06,2.8,E ,90,False,Kemarau,12,0,90
2006-05,3,12,68.77048155,27.4,83.90909091,4.754545455,3.272727273,E ,90,True,Kemarau,12,0,90
2006-06,1,12,0.0,26.96,78.6,5.9,3.6,E ,90,False,Kemarau,12,0,90
2006-06,2,12,0.0,26.56,76.0,7.8,2.7,E ,90,False,Kemarau,12,0,90
2006-06,3,12,0.0,26.14,74.6,6.88,2.6,E ,90,False,Kemarau,12,0,90
2006-07,1,1,0.0,26.28,76.4,7.96,3.2,E ,90,False,Kemarau,1,0,45
2006-07,2,1,0.0,25.47,75.3,7.74,2.9,E ,90,False,Kemarau,1,0,45
2006-07,3,1,0.0,26.02727273,76.0,7.981818182,3.545454545,E ,90,False,Kemarau,1,0,45
2006-08,1,1,0.0,25.37,71.9,7.96,3.8,E ,90,False,Kemarau,1,0,45
2006-08,2,2,0.0,26.7,73.5,7.83,4.2,E ,90,False,Kemarau,1,0,45
2006-08,3,2,0.0,26.21818182,71.63636364,7.954545455,4.0,E ,90,False,Kemarau,2,0,45
2006-09,1,3,0.0,25.8,69.2,8.0,4.2,E ,90,False,Kemarau,2,0,45
2006-09,2,3,0.0,26.69,69.3,8.0,4.1,E ,90,False,Kemarau,3,0,0
2006-09,3,4,0.0,26.76,67.8,7.69,3.3,E ,90,False,Kemarau,3,0,0
2006-10,1,4,0.0,27.99,65.9,7.51,4.1,E ,90,False,Kemarau,4,0,315
2006-10,2,4,0.0,28.05,67.0,7.88,4.2,E ,90,False,Kemarau,4,0,315
2006-10,3,5,0.0,28.70909091,65.90909091,7.936363636,4.545454545,E ,90,False,Kemarau,4,0,315
2006-11,1,5,0.0,29.43,67.9,6.87,3.5,E ,90,False,Kemarau,4,0,315
2006-11,2,6,0.0,29.95,66.7,7.95,4.3,E ,90,False,Kemarau,5,0,315
2006-11,3,6,31.1,30.15,68.0,6.78,3.7,E ,90,False,Kemarau,5,0,315
2006-12,1,6,51.7,29.78,72.5,6.07,2.6,NE,45,True,Hujan,6,1,270
2006-12,2,6,67.24833512,29.17,77.4,3.82,2.2,W ,270,True,Hujan,6,1,270
2006-12,3,6,151.0249839,28.20909091,79.90909091,3.136363636,3.181818182,W ,270,True,Hujan,6,1,270
2007-01,1,7,122.6746479,28.75,69.8,6.39,4.3,E ,90,True,Hujan,6,1,270
2007-01,2,7,131.2153169,28.65,75.0,6.28,3.2,E ,90,True,Hujan,7,1,270
2007-01,3,7,149.8373239,27.77272727,82.45454545,4.136363636,3.363636364,N ,0,True,Hujan,7,1,270
2007-02,1,7,267.618662,27.51,81.9,4.293796348,5.0,W ,270,True,Hujan,7,1,270
2007-02,2,8,145.4153169,27.79,82.1,5.22,3.3,W ,270,True,Hujan,7,1,270
2007-02,3,8,225.7,26.6375,87.875,2.925,3.125,W ,270,True,Hujan,8,1,225
2007-03,1,9,176.5373239,27.66,82.4,3.6,6.2,W ,270,True,Hujan,8,1,225
2007-03,2,9,176.5373239,27.27,82.1,3.71,3.3,E ,90,True,Hujan,9,1,180
2007-03,3,9,116.3632337,27.32727273,84.09090909,2.754545455,3.363636364,N ,0,True,Hujan,9,1,180
2007-04,1,10,76.69668543,28.35,81.8,6.06,4.1,E ,90,True,Hujan,9,1,180
2007-04,2,10,92.15572233,27.76,85.0,4.86,2.9,E ,90,True,Hujan,10,1,135
2007-04,3,11,119.6262039,27.52,85.1,4.75,3.1,E ,90,True,Hujan,10,1,135
2007-05,1,11,59.26716698,29.06,76.2,7.0,4.2,E ,90,True,Hujan,11,1,135
2007-05,2,11,71.26716698,28.58,80.9,5.5,4.2,E ,90,True,Hujan,11,1,135
2007-05,3,12,58.6819262,28.60909091,79.45454545,7.145454545,4.727272727,E ,90,True,Hujan,11,1,135
2007-06,1,12,8.7,28.14,78.4,6.87,4.6,E ,90,False,Kemarau,12,0,90
2007-06,2,12,6.485240775,26.85,76.6,6.17,3.6,E ,90,False,Kemarau,12,0,90
2007-06,3,12,22.21573288,27.25,79.4,5.55,3.6,E ,90,False,Kemarau,12,0,90
2007-07,1,1,38.2,26.53,76.8,7.8,4.2,E ,90,False,Kemarau,12,0,90
2007-07,2,1,1.4,27.48,77.7,7.33,5.6,E ,90,False,Kemarau,1,0,45
2007-07,3,1,0.0,26.34545455,73.18181818,7.654545455,4.181818182,E ,90,False,Kemarau,1,0,45
2007-08,1,1,0.0,25.98,73.3,7.72,4.6,E ,90,False,Kemarau,1,0,45
2007-08,2,2,0.0,27.09,73.1,7.71,4.6,E ,90,False,Kemarau,1,0,45
2007-08,3,2,0.0,26.3,72.81818182,7.809090909,4.363636364,E ,90,False,Kemarau,2,0,45
2007-09,1,3,0.0,26.98,70.9,7.15,4.4,E ,90,False,Kemarau,2,0,45
2007-09,2,3,0.0,26.82,69.0,7.85,4.8,E ,90,False,Kemarau,3,0,0
2007-09,3,4,0.0,27.8,67.6,7.53,4.3,E ,90,False,Kemarau,3,0,0
2007-10,1,4,0.0,28.35,69.5,7.59,5.2,E ,90,False,Kemarau,4,0,315
2007-10,2,4,0.0,28.92,67.3,7.82,4.7,E ,90,False,Kemarau,4,0,315
2007-10,3,5,7.7,28.95454545,71.72727273,5.845454545,4.545454545,E ,90,False,Kemarau,4,0,315
2007-11,1,5,59.8,28.48,77.7,5.54,3.6,E ,90,True,Kemarau,5,0,315
2007-11,2,6,5.0,29.12,72.8,6.43,3.2,E ,90,False,Kemarau,5,0,315
2007-11,3,6,14.4,29.16,70.1,7.17,3.7,E ,90,False,Kemarau,5,0,315
2007-12,1,6,60.6,28.44,78.8,5.0,3.1,E ,90,True,Hujan,6,1,270
2007-12,2,6,53.00966702,27.72,82.0,4.12,3.4,W ,270,True,Hujan,6,1,270
2007-12,3,6,100.9,27.1,82.0,2.672727273,5.454545455,W ,270,True,Hujan,6,1,270
2008-01,1,7,65.9,27.24,80.7,3.53,4.6,W ,270,True,Hujan,6,1,270
2008-01,2,7,40.3,27.8,78.7,4.59,4.5,W ,270,False,Hujan,7,1,270
2008-01,3,7,149.4,27.79090909,82.81818182,5.3,3.727272727,NE,45,True,Hujan,7,1,270
2008-02,1,7,71.6,27.31,81.9,4.41,6.3,W ,270,True,Hujan,7,1,270
2008-02,2,8,25.5,26.8,80.3,2.8,7.1,W ,270,False,Hujan,8,1,225
2008-02,3,8,111.4,26.63333333,84.22222222,2.644444444,4.333333333,W ,270,True,Hujan,8,1,225
2008-03,1,9,126.659331,26.74,85.6,3.86,2.3,N ,0,True,Hujan,9,1,180
2008-03,2,9,97.15933099,27.21,85.3,4.76,2.5,N ,0,True,Hujan,9,1,180
2008-03,3,9,72.84457176,26.57272727,86.90909091,3.1,2.727272727,W ,270,True,Hujan,10,1,135
2008-04,1,10,67.58524078,27.41,81.9,4.96,2.8,E ,90,True,Hujan,11,1,135
2008-04,2,10,53.38524078,27.7,78.5,6.17,4.0,E ,90,True,Hujan,11,1,135
2008-04,3,11,28.4,27.89,82.3,5.33,3.3,E ,90,False,Kemarau,12,0,90
2008-05,1,11,41.55572233,27.78,80.5,5.53,3.1,E ,90,False,Kemarau,12,0,90
2008-05,2,11,0.0,27.4,73.2,7.33,3.5,E ,90,False,Kemarau,12,0,90
2008-05,3,12,0.0,27.73636364,74.63636364,7.545454545,3.636363636,E ,90,False,Kemarau,12,0,90
2008-06,1,12,2.8,26.99,75.0,6.84,3.1,E ,90,False,Kemarau,1,0,45
2008-06,2,12,6.485240775,26.87,76.7,6.21,4.0,E ,90,False,Kemarau,1,0,45
2008-06,3,12,0.9,26.65,76.9,7.79,4.1,E ,90,False,Kemarau,1,0,45
2008-07,1,1,0.0,26.4,73.0,7.57,4.1,E ,90,False,Kemarau,1,0,45
2008-07,2,1,0.0,26.1,72.8,7.66,4.0,E ,90,False,Kemarau,2,0,45
2008-07,3,1,0.0,25.58181818,72.72727273,7.563636364,3.636363636,E ,90,False,Kemarau,2,0,45
2008-08,1,1,0.0,25.91,72.9,7.77,4.5,E ,90,False,Kemarau,3,0,0
2008-08,2,2,0.0,27.15,74.1,6.94,4.3,E ,90,False,Kemarau,3,0,0
2008-08,3,2,0.0,27.63636364,72.72727273,7.754545455,4.181818182,E ,90,False,Kemarau,4,0,315
2008-09,1,3,0.0,27.87,71.1,7.45,4.4,E ,90,False,Kemarau,4,0,315
2008-09,2,3,0.0,28.08,69.5,7.46,4.2,E ,90,False,Kemarau,4,0,315
2008-09,3,4,0.0,28.32,66.2,7.8,4.7,E ,90,False,Kemarau,5,0,315
2008-10,1,4,0.0,29.01,69.8,6.41,4.6,E ,90,False,Kemarau,5,0,315
2008-10,2,4,0.0,29.91,68.6,7.49,4.6,E ,90,False,Kemarau,5,0,315
2008-10,3,5,48.9,29.16363636,74.0,5.363636364,3.727272727,E ,90,False,Hujan,6,1,270
2008-11,1,5,72.90966702,28.28,81.6,4.45,3.3,E ,90,True,Hujan,6,1,270
2008-11,2,6,57.0,27.96,82.8,4.05,2.7,E ,90,True,Hujan,6,1,270
2008-11,3,6,88.91933405,27.95,84.2,4.14,3.2,E ,90,True,Hujan,6,1,270
2008-12,1,6,14.7,28.22,79.1,2.57,3.2,E ,90,False,Hujan,6,1,270
2008-12,2,6,332.4,26.54,86.9,3.62,2.9,N ,0,True,Hujan,6,1,270
2008-12,3,6,52.31866197,27.59090909,81.0,2.772727273,3.272727273,W ,270,True,Hujan,7,1,270
2009-01,1,7,189.1,27.18,82.0,3.87,3.4,W ,270,True,Hujan,7,1,270
2009-01,2,7,52.3,26.75,82.2,4.62,5.3,W ,270,True,Hujan,7,1,270
2009-01,3,7,163.5,27.11818182,83.45454545,4.536363636,4.181818182,W ,270,True,Hujan,7,1,270
2009-02,1,7,130.8,26.13,86.0,2.89,5.3,W ,270,True,Hujan,7,1,270
2009-02,2,8,284.859331,26.86,83.7,4.81,3.2,W ,270,True,Hujan,8,1,225
2009-02,3,8,250.4,26.1625,87.875,3.6,2.875,W ,270,True,Hujan,8,1,225
2009-03,1,9,83.8,27.39,84.9,3.483796348,2.7,E ,90,True,Hujan,9,1,180
2009-03,2,9,17.6,28.23,78.3,5.95,2.9,E ,90,False,Hujan,9,1,180
2009-03,3,9,19.4,28.2,79.0,6.118181818,2.909090909,E ,90,False,Hujan,9,1,180
2009-04,1,10,39.68524078,28.58,78.1,4.82,3.2,W ,270,False,Hujan,9,1,180
2009-04,2,10,18.1,28.88,78.5,6.02,2.8,W ,270,False,Hujan,10,1,135
2009-04,3,11,96.9,28.12,79.1,6.15,2.6,E ,90,True,Hujan,10,1,135
2009-05,1,11,19.3,28.33,77.1,6.24,2.7,E ,90,False,Hujan,11,1,135
2009-05,2,11,143.9,27.06,85.5,4.64,2.7,E ,90,True,Hujan,11,1,135
2009-05,3,12,203.3852408,27.6,82.54545455,4.572727273,2.818181818,E ,90,True,Hujan,11,1,135
2009-06,1,12,93.4,27.77,81.0,5.02,4.0,E ,90,True,Hujan,11,1,135
2009-06,2,12,16.2,27.72,77.0,6.34,3.7,E ,90,False,Kemarau,12,0,90
2009-06,3,12,0.0,26.99,74.9,7.84,3.1,E ,90,False,Kemarau,12,0,90
2009-07,1,1,0.6,26.87,74.4,7.61,3.4,E ,90,False,Kemarau,12,0,90
2009-07,2,1,0.0,26.42,72.9,7.8,3.3,E ,90,False,Kemarau,12,0,90
2009-07,3,1,0.0,26.72727273,75.18181818,7.227272727,3.636363636,E ,90,False,Kemarau,1,0,45
2009-08,1,1,0.0,26.45,73.3,7.8,3.5,E ,90,False,Kemarau,1,0,45
2009-08,2,2,0.0,27.24,75.0,7.43,3.9,E ,90,False,Kemarau,1,0,45
2009-08,3,2,0.0,26.56363636,69.90909091,7.827272727,3.454545455,E ,90,False,Kemarau,1,0,45
2009-09,1,3,0.0,27.86,68.4,7.83,3.6,E ,90,False,Kemarau,2,0,45
2009-09,2,3,0.0,28.52,68.5,7.99,4.3,E ,90,False,Kemarau,2,0,45
2009-09,3,4,0.0,28.5,63.3,7.85,3.8,E ,90,False,Kemarau,3,0,0
2009-10,1,4,0.0,28.76,67.1,7.35,4.3,E ,90,False,Kemarau,3,0,0
2009-10,2,4,0.0,29.01,66.4,7.59,4.6,E ,90,False,Kemarau,4,0,315
2009-10,3,5,0.0,29.43636364,65.0,6.890909091,4.181818182,E ,90,False,Kemarau,4,0,315
2009-11,1,5,0.0,30.35,62.3,7.32,5.2,E ,90,False,Kemarau,4,0,315
2009-11,2,6,22.1,29.61,71.0,4.79,3.9,W ,270,False,Kemarau,5,0,315
2009-11,3,6,4.6,28.79,75.4,5.28,4.0,E ,90,False,Kemarau,5,0,315
2009-12,1,6,6.6,30.12,67.9,7.49,3.2,E ,90,False,Kemarau,5,0,315
2009-12,2,6,109.509667,29.37,71.8,5.22,3.4,NE,45,True,Hujan,6,1,270
2009-12,3,6,59.5,27.97272727,80.36363636,3.509090909,3.363636364,W ,270,True,Hujan,6,1,270
2010-01,1,7,121.4,27.66,82.9,3.46,4.3,W ,270,True,Hujan,6,1,270
2010-01,2,7,188.559331,27.45,79.1,3.42,5.4,W ,270,True,Hujan,6,1,270
2010-01,3,7,285.3,26.81818182,85.45454545,3.190909091,3.454545455,W ,270,True,Hujan,7,1,270
2010-02,1,7,147.5,27.36,85.7,4.95,3.8,W ,270,True,Hujan,7,1,270
2010-02,2,8,273.0,27.85,82.2,5.32,3.7,W ,270,True,Hujan,7,1,270
2010-02,3,8,94.21866197,27.9375,82.75,3.4375,3.625,W ,270,True,Hujan,7,1,270
2010-03,1,9,90.3,28.31,82.3,5.28,3.6,SE,135,True,Hujan,8,1,225
2010-03,2,9,77.51866197,28.28,78.9,5.68,3.5,NE,45,True,Hujan,8,1,225
2010-03,3,9,172.8,28.17272727,82.36363636,4.918181818,3.181818182,NE,45,True,Hujan,9,1,180
2010-04,1,10,154.6,27.51,85.5,2.77,3.5,E ,90,True,Hujan,9,1,180
2010-04,2,10,103.4,27.79,86.3,3.24,3.4,W ,270,True,Hujan,9,1,180
2010-04,3,11,147.9,27.97,85.5,4.9,3.1,E ,90,True,Hujan,10,1,135
2010-05,1,11,127.3704816,28.82,81.2,4.21,4.0,E ,90,True,Hujan,10,1,135
2010-05,2,11,173.0,28.0,86.8,2.73,3.6,E ,90,True,Hujan,11,1,135
2010-05,3,12,99.37048155,28.41818182,82.0,4.963636364,3.272727273,E ,90,True,Hujan,11,1,135
2010-06,1,12,59.28524078,28.19,82.2,4.54,3.6,E ,90,True,Hujan,11,1,135
2010-06,2,12,37.3,27.8,82.5,4.54,3.4,E ,90,False,Kemarau,12,0,90
2010-06,3,12,0.815732881,27.97,76.4,6.58,4.0,E ,90,False,Kemarau,12,0,90
2010-07,1,1,30.71573288,28.02,80.3,6.23,3.2,E ,90,False,Kemarau,12,0,90
2010-07,2,1,12.63146576,28.16,74.9,6.45,3.4,E ,90,False,Kemarau,1,0,45
2010-07,3,1,96.53146576,27.45454545,75.72727273,6.5,3.727272727,E ,90,True,Kemarau,1,0,45
2010-08,1,1,0.0,27.56,74.2,7.66,3.5,E ,90,False,Kemarau,1,0,45
2010-08,2,2,2.2,28.0,76.4,7.35,3.8,E ,90,False,Kemarau,2,0,45
2010-08,3,2,14.11573288,28.24545455,76.27272727,7.0,3.727272727,E ,90,False,Kemarau,3,0,0
2010-09,1,3,27.91573288,27.75,77.9,5.33,3.4,E ,90,False,Kemarau,4,0,315
2010-09,2,3,68.31573288,28.03,78.7,5.44,3.7,E ,90,True,Kemarau,4,0,315
2010-09,3,4,43.71933405,28.61,76.5,6.11,3.9,E ,90,False,Kemarau,5,0,315
2010-10,1,4,104.2,28.49,76.2,4.5,4.1,E ,90,True,Hujan,6,1,270
2010-10,2,4,118.7,28.14,76.4,5.476145397,3.4,E ,90,True,Hujan,6,1,270
2010-10,3,5,57.80966702,28.69090909,78.0,4.463636364,3.727272727,E ,90,True,Hujan,6,1,270
2010-11,1,5,69.8,28.07,80.7,3.98,3.3,E ,90,True,Hujan,6,1,270
2010-11,2,6,27.8,29.61,72.2,7.34,3.8,E ,90,False,Hujan,6,1,270
2010-11,3,6,52.21933405,28.48,78.5,4.41,3.6,W ,270,True,Hujan,6,1,270
2010-12,1,6,119.1,27.31,83.7,2.34,3.5,W ,270,True,Hujan,7,1,270
2010-12,2,6,52.40966702,27.36,81.0,1.17,4.4,W ,270,True,Hujan,7,1,270
2010-12,3,6,65.96899801,27.24545455,79.90909091,2.290909091,3.909090909,W ,270,True,Hujan,7,1,270
2011-01,1,7,96.1,27.01,82.7,3.16,4.5,W ,270,True,Hujan,7,1,270
2011-01,2,7,66.95933099,27.08,79.1,2.11,5.6,W ,270,True,Hujan,7,1,270
2011-01,3,7,94.55933099,26.87272727,81.72727273,4.372727273,4.545454545,W ,270,True,Hujan,8,1,225
2011-02,1,7,79.5,26.65,81.8,1.9,4.7,W ,270,True,Hujan,8,1,225
2011-02,2,8,58.7,27.06,80.9,5.09,4.4,W ,270,True,Hujan,9,1,180
2011-02,3,8,101.718662,26.7375,82.25,3.25,4.625,W ,270,True,Hujan,9,1,180
2011-03,1,9,111.7,27.04,81.4,4.09,4.1,W ,270,True,Hujan,9,1,180
2011-03,2,9,149.918662,27.37,82.6,4.15,3.6,W ,270,True,Hujan,9,1,180
2011-03,3,9,164.0,27.00909091,83.63636364,4.763636364,4.272727273,W ,270,True,Hujan,10,1,135
2011-04,1,10,252.6704816,27.07,84.0,3.01,3.6,W ,270,True,Hujan,10,1,135
2011-04,2,10,128.3,27.23,82.3,4.48,3.4,NE,45,True,Hujan,11,1,135
2011-04,3,11,283.9704816,27.89,82.0,5.59,3.4,E ,90,True,Hujan,11,1,135
2011-05,1,11,77.48524078,27.44,83.4,4.59,3.1,NE,45,True,Hujan,11,1,135
2011-05,2,11,85.8,28.05,81.0,6.83,3.4,E ,90,True,Hujan,11,1,135
2011-05,3,12,0.0,27.70909091,75.0,6.590909091,3.545454545,E ,90,False,Kemarau,12,0,90
2011-06,1,12,30.8,27.25,76.0,7.24,4.0,E ,90,False,Kemarau,12,0,90
2011-06,2,12,0.0,25.42,72.1,7.88,3.6,E ,90,False,Kemarau,12,0,90
2011-06,3,12,0.5,26.3,76.2,6.98,3.9,E ,90,False,Kemarau,12,0,90
2011-07,1,1,23.7,26.0,74.1,7.24,3.6,E ,90,False,Kemarau,1,0,45
2011-07,2,1,7.0,27.38,76.9,7.88,4.1,E ,90,False,Kemarau,1,0,45
2011-07,3,1,0.0,26.34545455,73.27272727,7.072727273,4.090909091,E ,90,False,Kemarau,1,0,45
2011-08,1,1,0.0,26.22,73.3,7.49,3.9,E ,90,False,Kemarau,1,0,45
2011-08,2,2,0.0,26.43,73.5,7.83,3.9,E ,90,False,Kemarau,2,0,45
2011-08,3,2,0.0,26.4,69.90909091,7.636363636,3.818181818,E ,90,False,Kemarau,2,0,45
2011-09,1,3,0.0,26.87,70.4,7.49,4.1,E ,90,False,Kemarau,3,0,0
2011-09,2,3,0.0,27.45,72.8,7.67,4.3,E ,90,False,Kemarau,3,0,0
2011-09,3,4,0.0,27.35,68.2,7.92,3.6,E ,90,False,Kemarau,4,0,315
2011-10,1,4,0.0,27.21,66.8,7.49,4.1,E ,90,False,Kemarau,4,0,315
2011-10,2,4,0.0,28.39,67.0,7.67,4.3,E ,90,False,Kemarau,5,0,315
2011-10,3,5,9.7,29.70909091,69.63636364,7.636363636,4.181818182,E ,90,False,Kemarau,5,0,315
2011-11,1,5,110.7290011,27.59,77.5,3.85,3.5,W ,270,True,Hujan,6,1,270
2011-11,2,6,57.5,28.54,75.8,6.65,3.3,E ,90,True,Hujan,6,1,270
2011-11,3,6,106.2,28.39,77.9,5.56,3.9,E ,90,True,Hujan,6,1,270
2011-12,1,6,72.8,28.06,79.3,4.2,3.5,W ,270,True,Hujan,6,1,270
2011-12,2,6,121.909667,27.81,82.1,3.91,3.5,W ,270,True,Hujan,6,1,270
2011-12,3,6,192.659331,27.7,82.36363636,3.136363636,3.636363636,W ,270,True,Hujan,7,1,270
2012-01,1,7,71.75933099,27.49189204,81.67974345,4.634167128,3.378316462,W ,270,True,Hujan,7,1,270
2012-01,2,7,185.3,26.72354356,79.48663816,5.643796348,3.742035162,W ,270,True,Hujan,7,1,270
2012-01,3,7,166.9,27.1,74.81818182,5.563636364,5.363636364,W ,270,True,Hujan,7,1,270
2012-02,1,7,141.7,26.68,77.5,4.75,4.0,W ,270,True,Hujan,8,1,225
2012-02,2,8,22.6,28.03,70.4,5.23,3.5,W ,270,False,Hujan,8,1,225
2012-02,3,8,14.8,27.9,72.88888889,4.622222222,3.222222222,W ,270,False,Hujan,8,1,225
2012-03,1,9,106.4,27.35,73.7,2.26,4.1,W ,270,True,Hujan,9,1,180
2012-03,2,9,87.4,26.91,78.4,1.84,5.6,W ,270,True,Hujan,9,1,180
2012-03,3,9,17.1,28.00909091,70.0,6.4,5.0,E ,90,False,Hujan,9,1,180
2012-04,1,10,90.5,27.88,72.3,5.94,3.6,E ,90,True,Hujan,10,1,135
2012-04,2,10,14.5,28.84,68.4,7.43,3.7,E ,90,False,Hujan,10,1,135
2012-04,3,11,21.9,28.49,69.0,6.5,3.7,E ,90,False,Hujan,11,1,135
2012-05,1,11,37.6,27.97,70.5,6.52,3.7,E ,90,False,Hujan,11,1,135
2012-05,2,11,76.0,28.22,72.7,5.34,3.6,E ,90,True,Hujan,11,1,135
2012-05,3,12,0.4,27.42727273,63.54545455,7.1,3.909090909,E ,90,False,Kemarau,12,0,90
2012-06,1,12,6.5,27.63,68.5,6.64,4.0,E ,90,False,Kemarau,12,0,90
2012-06,2,12,55.3,27.02,66.6,6.4,3.8,E ,90,True,Kemarau,12,0,90
2012-06,3,12,5.9,26.42,64.3,7.87,3.5,E ,90,False,Kemarau,12,0,90
2012-07,1,1,0.0,26.48,63.6,6.84,3.7,E ,90,False,Kemarau,1,0,45
2012-07,2,1,0.0,26.65,64.6,6.4,3.6,E ,90,False,Kemarau,1,0,45
2012-07,3,1,0.0,25.9,60.81818182,7.918181818,4.0,E ,90,False,Kemarau,1,0,45
2012-08,1,1,0.0,26.27,61.0,8.0,4.3,E ,90,False,Kemarau,1,0,45
2012-08,2,2,0.0,26.13,58.2,7.97,4.1,E ,90,False,Kemarau,2,0,45
2012-08,3,2,0.0,26.49090909,57.81818182,7.227272727,4.181818182,E ,90,False,Kemarau,2,0,45
2012-09,1,3,0.0,26.85,58.8,7.98,4.3,E ,90,False,Kemarau,3,0,0
2012-09,2,3,0.0,27.64,55.9,7.81,4.3,E ,90,False,Kemarau,3,0,0
2012-09,3,4,0.0,28.0,56.5,7.84,3.9,E ,90,False,Kemarau,4,0,315
2012-10,1,4,0.0,29.06,57.4,7.52,4.1,E ,90,False,Kemarau,4,0,315
2012-10,2,4,2.1,29.54,59.8,7.37,4.6,E ,90,False,Kemarau,4,0,315
2012-10,3,5,0.0,29.78181818,55.72727273,7.563636364,4.0,E ,90,False,Kemarau,5,0,315
2012-11,1,5,0.0,30.38,58.5,7.01,3.7,E ,90,False,Kemarau,5,0,315
2012-11,2,6,8.0,29.85,60.9,6.33,4.0,E ,90,False,Kemarau,5,0,315
2012-11,3,6,50.0,28.97,68.8,4.85,3.6,W ,270,True,Hujan,6,1,270
2012-12,1,6,42.8,28.62,70.8,4.76,3.5,W ,270,False,Hujan,6,1,270
2012-12,2,6,85.1,27.92,73.8,3.51,3.7,W ,270,True,Hujan,6,1,270
2012-12,3,6,43.1,27.8,76.81818182,3.272727273,3.636363636,W ,270,False,Hujan,6,1,270
2013-01,1,7,135.5933099,27.5354356,81.86638161,4.337963475,3.420351625,W ,270,True,Hujan,6,1,270
2013-01,2,7,135.5933099,27.5354356,81.86638161,4.337963475,3.420351625,W ,270,True,Hujan,6,1,270
2013-01,3,7,149.1526408,27.5354356,81.86638161,4.337963475,3.420351625,W ,270,True,Hujan,7,1,270
2013-02,1,7,135.5933099,27.5354356,81.86638161,4.337963475,3.420351625,W ,270,True,Hujan,7,1,270
2013-02,2,8,135.5933099,27.5354356,81.86638161,4.337963475,3.420351625,W ,270,True,Hujan,7,1,270
2013-02,3,8,108.4746479,27.5354356,81.86638161,4.337963475,3.420351625,W ,270,True,Hujan,7,1,270
2013-03,1,9,135.5933099,27.5354356,81.86638161,4.337963475,3.420351625,W ,270,True,Hujan,8,1,225
2013-03,2,9,135.5933099,27.5354356,81.86638161,4.337963475,3.420351625,W ,270,True,Hujan,8,1,225
2013-03,3,9,106.7080996,27.79772832,80.28236451,5.400432351,3.284557724,E ,90,True,Hujan,8,1,225
2013-04,1,10,64.85240775,28.01630559,78.96235026,6.285823081,3.171396141,E ,90,True,Hujan,9,1,180
2013-04,2,10,64.85240775,28.01630559,78.96235026,6.285823081,3.171396141,E ,90,True,Hujan,9,1,180
2013-04,3,11,64.85240775,28.01630559,78.96235026,6.285823081,3.171396141,E ,90,True,Hujan,9,1,180
2013-05,1,11,64.85240775,28.01630559,78.96235026,6.285823081,3.171396141,E ,90,True,Hujan,10,1,135
2013-05,2,11,64.85240775,28.01630559,78.96235026,6.285823081,3.171396141,E ,90,True,Hujan,10,1,135
2013-05,3,12,71.33764853,28.01630559,78.96235026,6.285823081,3.171396141,E ,90,True,Hujan,11,1,135
2013-06,1,12,64.85240775,28.01630559,78.96235026,6.285823081,3.171396141,E ,90,True,Hujan,11,1,135
2013-06,2,12,63.0819262,28.06304447,80.26988021,6.077240773,2.937116913,E ,90,True,Hujan,11,1,135
2013-06,3,12,32.11573288,27.74331626,77.3345167,7.44588038,2.661225597,E ,90,False,Kemarau,12,0,90
2013-07,1,1,55.3,26.99542142,81.90957042,4.71,3.0,E ,90,True,Kemarau,12,0,90
2013-07,2,1,53.1,26.85,81.7,4.78,2.2,E ,90,True,Kemarau,12,0,90
2013-07,3,1,1.615732881,27.17272727,76.0,8.793581991,3.818181818,E ,90,False,Kemarau,1,0,45
2013-08,1,1,0.0,26.88,75.0,8.92,3.1,E ,90,False,Kemarau,1,0,45
2013-08,2,2,0.0,26.64,71.8,9.25,3.3,E ,90,False,Kemarau,1,0,45
2013-08,3,2,0.6,27.41818182,72.27272727,9.575400173,3.636363636,E ,90,False,Kemarau,2,0,45
2013-09,1,3,0.2,27.63,71.2,9.57,4.1,E ,90,False,Kemarau,2,0,45
2013-09,2,3,0.0,27.78,69.8,8.76294019,3.3,E ,90,False,Kemarau,3,0,0
2013-09,3,4,0.0,27.72,70.0,8.926145397,3.1,E ,90,False,Kemarau,3,0,0
2013-10,1,4,4.509667025,28.53,67.0,8.632290795,3.4,E ,90,False,Kemarau,4,0,315
2013-10,2,4,7.909667025,29.52,68.8,8.362290795,3.7,E ,90,False,Kemarau,4,0,315
2013-10,3,5,0.2,30.04545455,67.18181818,7.974809814,2.818181818,E ,90,False,Kemarau,4,0,315
2013-11,1,5,9.019334049,29.83,69.1,7.048436192,3.2,E ,90,False,Kemarau,5,0,315
2013-11,2,6,20.50966702,28.03,80.1,4.586145397,2.7,W ,270,False,Kemarau,5,0,315
2013-11,3,6,105.5290011,28.16,77.4,4.592290795,2.7,S ,180,True,Hujan,6,1,270
2013-12,1,6,121.209667,28.31,80.8,5.338436192,2.3,W ,270,True,Hujan,6,1,270
2013-12,2,6,141.1,27.27472081,84.68588832,3.466145397,2.4,W ,270,True,Hujan,6,1,270
2013-12,3,6,128.618662,27.62727273,79.09090909,4.467087589,3.363636364,W ,270,True,Hujan,6,1,270
2014-01,1,7,224.777993,27.26,83.5,3.397592695,2.3,W ,270,True,Hujan,7,1,270
2014-01,2,7,59.03732394,27.43,80.3,3.873796348,4.6,W ,270,True,Hujan,7,1,270
2014-01,3,7,94.61866197,26.85454545,82.27272727,4.537626402,5.181818182,W ,270,True,Hujan,7,1,270
2014-02,1,7,57.25933099,27.39,82.6,4.343796348,4.4,W ,270,True,Hujan,7,1,270
2014-02,2,8,130.7,26.89,85.2,3.413796348,2.7,W ,270,True,Hujan,8,1,225
2014-02,3,8,99.81866197,27.3,80.875,6.596990869,3.375,W ,270,True,Hujan,8,1,225
2014-03,1,9,239.118662,27.58,83.4,5.427592695,2.1,W ,270,True,Hujan,9,1,180
2014-03,2,9,191.959331,27.66,83.3,5.583796348,2.4,W ,270,True,Hujan,9,1,180
2014-03,3,9,70.27048155,28.58181818,78.54545455,6.235074826,2.363636364,E ,90,True,Hujan,9,1,180
2014-04,1,10,25.5,28.51,78.9,7.158582308,2.3,W ,270,False,Hujan,10,1,135
2014-04,2,10,75.68524078,27.73163056,82.89623503,5.498582308,2.0,W ,270,True,Hujan,10,1,135
2014-04,3,11,184.7852408,28.63,82.39623503,6.208582308,1.9,N ,0,True,Hujan,11,1,135
2014-05,1,11,52.07048155,29.5,77.2,6.835746924,3.3,E ,90,True,Hujan,11,1,135
2014-05,2,11,72.4409631,28.93,78.1,7.548582308,2.8,E ,90,True,Hujan,11,1,135
2014-05,3,12,32.07048155,28.7742096,78.63294093,8.090909091,2.909090909,E ,90,False,Kemarau,12,0,90
2014-06,1,12,31.07048155,28.61163056,76.69623503,8.65,2.8,E ,90,False,Kemarau,12,0,90
2014-06,2,12,195.7704816,28.38,80.0,7.0,3.0,E ,90,True,Kemarau,12,0,90
2014-06,3,12,0.9,28.34,78.0,8.36,3.4,E ,90,False,Kemarau,12,0,90
2014-07,1,1,6.0,27.93,76.5,8.39588038,3.8,E ,90,False,Kemarau,1,0,45
2014-07,2,1,4.247198642,27.22,76.6,6.96,2.9,E ,90,False,Kemarau,1,0,45
2014-07,3,1,40.81573288,27.30909091,77.72727273,7.5026729,3.545454545,E ,90,False,Kemarau,1,0,45
2014-08,1,1,1.631465761,27.98,75.0,8.86,4.3,E ,90,False,Kemarau,1,0,45
2014-08,2,2,0.815732881,26.71,71.7,9.20294019,3.2,E ,90,False,Kemarau,2,0,45
2014-08,3,2,2.447198642,26.9,72.81818182,8.968982164,3.636363636,E ,90,False,Kemarau,2,0,45
2014-09,1,3,0.815732881,26.79,70.3,8.84,3.5,E ,90,False,Kemarau,3,0,0
2014-09,2,3,0.815732881,27.31,68.5,9.076145397,3.6,E ,90,False,Kemarau,3,0,0
2014-09,3,4,4.509667025,27.89736041,66.29294416,8.896145397,3.2,E ,90,False,Kemarau,4,0,315
2014-10,1,4,0.0,28.30736041,66.59294416,9.4,3.3,E ,90,False,Kemarau,4,0,315
2014-10,2,4,4.509667025,29.13,67.3,8.66,3.8,E ,90,False,Kemarau,4,0,315
2014-10,3,5,4.509667025,29.37272727,66.81818182,9.102082541,3.636363636,E ,90,False,Kemarau,5,0,315
2014-11,1,5,16.12900107,30.07,66.4,8.866145397,3.1,E ,90,False,Kemarau,5,0,315
2014-11,2,6,23.0386681,29.79,70.0,7.26,2.8,E ,90,False,Kemarau,5,0,315
2014-11,3,6,82.8386681,29.60736041,73.89294416,6.612290795,2.6,E ,90,True,Hujan,6,1,270
2014-12,1,6,92.82900107,27.92,80.9,3.772290795,2.5,W ,270,True,Hujan,6,1,270
2014-12,2,6,110.3386681,27.9,82.3,5.05,2.5,W ,270,True,Hujan,6,1,270
2014-12,3,6,136.877993,28.19090909,82.0,5.24890577,1.909090909,W ,270,True,Hujan,6,1,270
2015-01,1,7,127.859331,27.99,78.4,4.827592695,3.2,W ,270,True,Hujan,6,1,270
2015-01,2,7,149.418662,27.44,82.2,4.363796348,3.0,W ,270,True,Hujan,7,1,270
2015-01,3,7,228.1,27.26363636,84.0,5.04890577,3.272727273,W ,270,True,Hujan,7,1,270
2015-02,1,7,244.618662,27.26,83.6,6.04,2.6,W ,270,True,Hujan,7,1,270
2015-02,2,8,138.359331,27.24354356,83.58663816,5.927592695,2.842035162,W ,270,True,Hujan,7,1,270
2015-02,3,8,81.53732394,27.7177178,81.68319081,5.468981738,3.335175812,W ,270,True,Hujan,8,1,225
2015-03,1,9,151.259331,26.89,84.5,4.331389043,3.3,W ,270,True,Hujan,8,1,225
2015-03,2,9,246.618662,27.99,81.5,4.443796348,3.0,W ,270,True,Hujan,9,1,180
2015-03,3,9,88.65933099,28.68181818,80.18181818,6.818181818,2.363636364,E ,90,True,Hujan,9,1,180
2015-04,1,10,122.3,28.05,82.2,6.778582308,2.4,E ,90,True,Hujan,9,1,180
2015-04,2,10,79.97048155,28.1,82.8,6.035746924,2.5,W ,270,True,Hujan,10,1,135
2015-04,3,11,55.38524078,27.52,84.4,4.308582308,2.5,N ,0,True,Hujan,10,1,135
2015-05,1,11,78.2,27.66,80.1,6.468582308,2.5,E ,90,True,Hujan,11,1,135
2015-05,2,11,8.085240775,28.41163056,74.79623503,8.567164616,3.617139614,E ,90,False,Hujan,11,1,135
2015-05,3,12,108.2852408,28.27272727,77.90909091,8.916893007,3.272727273,E ,90,True,Hujan,11,1,135
2015-06,1,12,19.45572233,28.9,75.7,7.668582308,3.1,E ,90,False,Kemarau,12,0,90
2015-06,2,12,0.0,27.11,73.2,8.938582308,3.0,E ,90,False,Kemarau,12,0,90
2015-06,3,12,0.0,27.04,74.3,8.67294019,2.8,E ,90,False,Kemarau,12,0,90
2015-07,1,1,0.815732881,26.08,73.3,7.86882057,3.1,E ,90,False,Kemarau,12,0,90
2015-07,2,1,2.415732881,27.44,75.9,8.31882057,5.2,E ,90,False,Kemarau,12,0,90
2015-07,3,1,1.631465761,27.10909091,75.72727273,8.732618527,3.818181818,E ,90,False,Kemarau,1,0,45
2015-08,1,1,17.9,26.94,74.0,8.25588038,4.1,E ,90,False,Kemarau,1,0,45
2015-08,2,2,1.631465761,27.22,74.8,8.87882057,4.4,E ,90,False,Kemarau,1,0,45
2015-08,3,2,2.447198642,26.79090909,71.63636364,9.196254891,3.454545455,E ,90,False,Kemarau,1,0,45
2015-09,1,3,0.0,27.1,70.1,9.35294019,3.6,E ,90,False,Kemarau,1,0,45
2015-09,2,3,0.0,27.58,69.0,9.14294019,4.0,E ,90,False,Kemarau,2,0,45
2015-09,3,4,13.52900107,27.92,68.5,9.13,3.9,E ,90,False,Kemarau,2,0,45
2015-10,1,4,4.509667025,28.38,69.3,8.916145397,4.4,E ,90,False,Kemarau,2,0,45
2015-10,2,4,0.0,28.78,67.6,8.996145397,4.0,E ,90,False,Kemarau,3,0,0
2015-10,3,5,13.52900107,28.98850946,66.44813106,8.890909091,4.090909091,E ,90,False,Kemarau,3,0,0
2015-11,1,5,9.019334049,30.34,67.5,7.926145397,3.1,E ,90,False,Kemarau,3,0,0
2015-11,2,6,0.0,30.66,67.1,8.782290795,3.2,E ,90,False,Kemarau,4,0,315
2015-11,3,6,52.6,30.44,71.4,7.692290795,2.8,E ,90,True,Kemarau,4,0,315
2015-12,1,6,75.1,29.72,76.7,6.866145397,2.8,W ,270,True,Kemarau,4,0,315
2015-12,2,6,22.60966702,28.49,79.4,3.306145397,3.2,W ,270,False,Kemarau,4,0,315
2015-12,3,6,39.0,28.73636364,78.27272727,5.976178498,2.909090909,W ,270,False,Kemarau,5,0,315
2016-01,1,7,40.11866197,29.8,76.0,7.357592695,2.2,E ,90,False,Kemarau,5,0,315
2016-01,2,7,113.777993,29.35,78.9,7.81,2.5,E ,90,True,Hujan,6,1,270
2016-01,3,7,81.6,27.87272727,83.45454545,3.434175177,2.818181818,W ,270,True,Hujan,6,1,270
2016-02,1,7,278.918662,27.79354356,84.18663816,3.663796348,2.5,W ,270,True,Hujan,6,1,270
2016-02,2,8,158.059331,28.08,83.4,4.541389043,2.2,N ,0,True,Hujan,6,1,270
2016-02,3,8,220.418662,27.53333333,84.66666667,5.575102995,2.777777778,W ,270,True,Hujan,7,1,270
2016-03,1,9,80.61866197,28.43,83.6,4.817592695,2.2,W ,270,True,Hujan,7,1,270
2016-03,2,9,124.177993,29.15,80.6,4.97518539,2.1,W ,270,True,Hujan,7,1,270
2016-03,3,9,148.2039027,28.92727273,82.18181818,5.738526051,2.0,W ,270,True,Hujan,8,1,225
2016-04,1,10,196.6,28.76,82.8,5.468582308,2.3,E ,90,True,Hujan,8,1,225
2016-04,2,10,46.57048155,29.07,82.2,5.9,2.7,E ,90,False,Hujan,9,1,180
2016-04,3,11,17.87048155,29.65,76.4,7.067164616,3.0,E ,90,False,Hujan,9,1,180
2016-05,1,11,152.5,29.23,82.0,6.047164616,1.9,E ,90,True,Hujan,10,1,135
2016-05,2,11,104.7704816,29.68163056,78.79623503,8.75,2.7,E ,90,True,Hujan,11,1,135
2016-05,3,12,158.8704816,28.84545455,80.18181818,6.581818182,2.727272727,E ,90,True,Hujan,11,1,135
2016-06,1,12,21.77048155,29.24,78.4,6.667164616,2.7,E ,90,False,Kemarau,12,0,90
2016-06,2,12,55.6,28.22,82.4,6.057164616,2.4,E ,90,True,Kemarau,12,0,90
2016-06,3,12,117.4167065,27.99,82.5,6.47588038,2.2,E ,90,True,Kemarau,12,0,90
2016-07,1,1,1.215732881,28.5,79.6,7.88294019,3.4,E ,90,False,Kemarau,1,0,45
2016-07,2,1,89.7,27.89,85.1,5.9,2.6,E ,90,True,Kemarau,1,0,45
2016-07,3,1,120.2157329,27.93636364,78.81818182,7.023527618,3.090909091,E ,90,True,Kemarau,1,0,45
2016-08,1,1,90.81573288,27.9,78.4,7.57,2.8,E ,90,True,Kemarau,2,0,45
2016-08,2,2,5.415732881,28.28,74.5,7.76,3.4,E ,90,False,Kemarau,3,0,0
2016-08,3,2,6.915732881,28.29090909,74.0,8.690909091,3.636363636,E ,90,False,Kemarau,4,0,315
2016-09,1,3,5.531465761,29.14,73.2,8.84,3.5,E ,90,False,Kemarau,4,0,315
2016-09,2,3,13.6,29.29,73.1,8.43,3.2,E ,90,False,Kemarau,5,0,315
2016-09,3,4,129.209667,28.48,80.2,6.182290795,2.4,N ,0,True,Hujan,6,1,270
2016-10,1,4,279.809667,28.31,82.4,5.18,2.6,E ,90,True,Hujan,6,1,270
2016-10,2,4,110.509667,29.25,74.6,6.68,2.9,E ,90,True,Hujan,6,1,270
2016-10,3,5,88.90966702,28.01818182,81.72727273,5.241950361,2.181818182,W ,270,True,Hujan,6,1,270
2016-11,1,5,12.7,29.58,75.6,7.036145397,2.1,W ,270,False,Hujan,6,1,270
2016-11,2,6,60.91933405,28.68,80.0,5.22,1.9,N ,0,True,Hujan,6,1,270
2016-11,3,6,52.81933405,28.5,82.2,5.952290795,2.1,N ,0,True,Hujan,7,1,270
2016-12,1,6,101.409667,27.78,84.2,2.956145397,2.3,N ,0,True,Hujan,7,1,270
2016-12,2,6,45.62900107,28.1,80.6,3.046145397,3.5,W ,270,False,Hujan,7,1,270
2016-12,3,6,131.509667,28.49413051,79.07876196,6.190909091,3.363636364,N ,0,True,Hujan,7,1,270
2017-01,1,7,61.31866197,28.46,81.0,4.433796348,2.9,W ,270,True,Hujan,7,1,270
2017-01,2,7,162.959331,27.25,85.0,4.11,2.5,N ,0,True,Hujan,8,1,225
2017-01,3,7,171.6,27.06363636,85.36363636,3.9,3.363636364,W ,270,True,Hujan,8,1,225
2017-02,1,7,91.27799296,27.79,78.7,3.8,5.8,W ,270,True,Hujan,9,1,180
2017-02,2,8,149.759331,27.28,85.8,4.67,2.7,W ,270,True,Hujan,9,1,180
2017-02,3,8,85.35933099,28.0,82.125,4.667245434,2.125,N ,0,True,Hujan,9,1,180
2017-03,1,9,41.95933099,28.38,78.9,5.577592695,2.2,W ,270,False,Hujan,9,1,180
2017-03,2,9,140.577993,27.78,83.0,4.5,2.4,N ,0,True,Hujan,10,1,135
2017-03,3,9,121.0596251,27.65454545,82.36363636,4.103451225,2.454545455,W ,270,True,Hujan,10,1,135
2017-04,1,10,75.98524078,27.47,84.4,4.178582308,1.9,N ,0,True,Hujan,11,1,135
2017-04,2,10,105.9,28.71,79.6,6.26,2.2,N ,0,True,Hujan,11,1,135
2017-04,3,11,119.7704816,28.53,80.0,6.578582308,1.9,N ,0,True,Hujan,11,1,135
2017-05,1,11,66.08524078,28.97,77.9,7.088582308,2.9,E ,90,True,Hujan,11,1,135
2017-05,2,11,0.0,28.68,73.6,7.635746924,2.5,E ,90,False,Kemarau,12,0,90
2017-05,3,12,21.48524078,28.34545455,76.27272727,7.198711189,2.818181818,E ,90,False,Kemarau,12,0,90
2017-06,1,12,1.9,28.35,76.9,6.59,2.6,E ,90,False,Kemarau,12,0,90
2017-06,2,12,59.05572233,27.69,79.2,6.8,2.7,E ,90,True,Kemarau,12,0,90
2017-06,3,12,15.43146576,27.89,79.1,6.59,2.9,E ,90,False,Kemarau,1,0,45
2017-07,1,1,0.815732881,27.92,74.6,8.49588038,2.7,E ,90,False,Kemarau,1,0,45
2017-07,2,1,29.3,27.44,74.8,8.27588038,3.1,E ,90,False,Kemarau,1,0,45
2017-07,3,1,10.5,27.11818182,75.72727273,7.511763809,3.181818182,E ,90,False,Kemarau,1,0,45
2017-08,1,1,0.0,27.1,73.7,8.45,2.9,E ,90,False,Kemarau,2,0,45
2017-08,2,2,0.815732881,27.11,72.6,8.77,3.2,E ,90,False,Kemarau,2,0,45
2017-08,3,2,0.0,27.5,69.54545455,9.229945627,4.0,E ,90,False,Kemarau,3,0,0
2017-09,1,3,0.0,28.15,70.1,8.77882057,4.3,E ,90,False,Kemarau,3,0,0
2017-09,2,3,0.815732881,27.84,69.9,7.90588038,3.7,E ,90,False,Kemarau,4,0,315
2017-09,3,4,13.82900107,28.99,70.3,7.19,3.4,E ,90,False,Kemarau,4,0,315
2017-10,1,4,0.0,29.64,70.0,8.446145397,3.7,E ,90,False,Kemarau,4,0,315
2017-10,2,4,6.209667025,29.93,71.0,6.912290795,3.4,E ,90,False,Kemarau,5,0,315
2017-10,3,5,85.80966702,29.75454545,69.09090909,7.76013218,2.636363636,E ,90,True,Kemarau,5,0,315
2017-11,1,5,16.5,29.56,71.5,6.686145397,2.9,E ,90,False,Kemarau,5,0,315
2017-11,2,6,97.81933405,27.91,82.2,4.316145397,2.6,W ,270,True,Hujan,6,1,270
2017-11,3,6,203.4,27.31,86.3,2.88,2.2,N ,0,True,Hujan,6,1,270
2017-12,1,6,53.30966702,28.43,81.7,5.206145397,2.6,N ,0,True,Hujan,6,1,270
2017-12,2,6,312.5,27.46736041,83.19294416,4.11,3.1,W ,270,True,Hujan,6,1,270
2017-12,3,6,78.15933099,28.18826102,77.79388757,3.994360316,3.129122875,W ,270,True,Hujan,7,1,270
2018-01,1,7,133.859331,27.91,83.2,4.6,2.1,N ,0,True,Hujan,7,1,270
2018-01,2,7,119.618662,27.57,80.7,2.123796348,3.4,W ,270,True,Hujan,7,1,270
2018-01,3,7,99.77799296,27.59090909,81.0,3.815993359,5.0,W ,270,True,Hujan,8,1,225
2018-02,1,7,135.359331,27.01,83.5,4.8,3.2,W ,270,True,Hujan,8,1,225
2018-02,2,8,198.1,27.6,81.0,5.843796348,4.0,W ,270,True,Hujan,9,1,180
2018-02,3,8,147.359331,26.9875,85.125,5.5,2.125,N ,0,True,Hujan,9,1,180
2018-03,1,9,169.559331,27.42,85.5,4.763796348,2.0,N ,0,True,Hujan,10,1,135
2018-03,2,9,204.559331,27.52,83.4,4.72,2.2,N ,0,True,Hujan,10,1,135
2018-03,3,9,105.7445718,27.93636364,81.18181818,5.954545455,2.545454545,W ,270,True,Hujan,11,1,135
2018-04,1,10,178.7704816,28.59,77.8,8.328582308,2.9,E ,90,True,Hujan,11,1,135
2018-04,2,10,41.87048155,29.44,76.3,8.077164616,2.9,E ,90,False,Kemarau,12,0,90
2018-04,3,11,74.8,28.86,76.9,7.45,2.6,E ,90,True,Kemarau,12,0,90
2018-05,1,11,0.0,28.62,73.0,9.01,3.4,E ,90,False,Kemarau,12,0,90
2018-05,2,11,0.1,28.84,75.3,7.747164616,2.9,E ,90,False,Kemarau,12,0,90
2018-05,3,12,6.485240775,28.79090909,75.09090909,7.116893007,3.181818182,E ,90,False,Kemarau,12,0,90
2018-06,1,12,78.1,28.06,76.9,8.58,2.7,E ,90,True,Kemarau,1,0,45
2018-06,2,12,6.485240775,27.91,75.0,8.37,3.5,E ,90,False,Kemarau,1,0,45
2018-06,3,12,55.6,27.75,76.0,7.58294019,3.0,E ,90,True,Kemarau,1,0,45
2018-07,1,1,1.631465761,26.62,75.1,8.92,2.9,E ,90,False,Kemarau,1,0,45
2018-07,2,1,0.0,26.54,73.7,8.67294019,3.2,E ,90,False,Kemarau,1,0,45
2018-07,3,1,0.815732881,26.81818182,74.0,9.363636364,2.909090909,E ,90,False,Kemarau,2,0,45
2018-08,1,1,0.0,26.37,70.6,8.72,3.2,N ,0,False,Kemarau,2,0,45
2018-08,2,2,0.815732881,26.6,71.6,9.04,3.5,E ,90,False,Kemarau,3,0,0
2018-08,3,2,0.815732881,27.00909091,73.36363636,9.081818182,3.727272727,E ,90,False,Kemarau,3,0,0
2018-09,1,3,20.31573288,27.83,68.7,7.66294019,3.4,E ,90,False,Kemarau,4,0,315
2018-09,2,3,1.631465761,27.88,68.9,8.37294019,3.1,E ,90,False,Kemarau,4,0,315
2018-09,3,4,0.0,28.44,67.3,7.766145397,3.8,E ,90,False,Kemarau,4,0,315
2018-10,1,4,4.509667025,28.46,69.3,8.62,4.1,E ,90,False,Kemarau,4,0,315
2018-10,2,4,4.509667025,29.64,65.4,8.876145397,3.3,E ,90,False,Kemarau,5,0,315
2018-10,3,5,4.509667025,29.90909091,66.36363636,8.26013218,3.090909091,E ,90,False,Kemarau,5,0,315
2018-11,1,5,65.7,29.52,72.5,6.07,2.9,E ,90,True,Hujan,6,1,270
2018-11,2,6,23.21933405,30.51,70.1,7.4,2.5,E ,90,False,Hujan,6,1,270
2018-11,3,6,112.909667,28.51,77.9,5.59,2.5,N ,0,True,Hujan,6,1,270
2018-12,1,6,126.119334,29.24,77.3,5.216145397,2.5,N ,0,True,Hujan,6,1,270
2018-12,2,6,206.5386681,28.97,78.9,4.016145397,1.9,N ,0,True,Hujan,6,1,270
2018-12,3,6,94.45933099,28.89090909,75.81818182,2.654545455,2.727272727,W ,270,True,Hujan,7,1,270
2019-01,1,7,66.25933099,28.52,79.1,4.62,2.5,W ,270,True,Hujan,7,1,270
2019-01,2,7,189.7,27.99,82.8,5.7,2.6,W ,270,True,Hujan,7,1,270
2019-01,3,7,245.4,27.08181818,84.27272727,3.345454545,4.909090909,W ,270,True,Hujan,7,1,270
2019-02,1,7,336.0,27.39,84.0,5.373796348,2.6,W ,270,True,Hujan,8,1,225
2019-02,2,8,91.7,28.03,82.1,4.963796348,2.0,W ,270,True,Hujan,8,1,225
2019-02,3,8,50.51866197,28.7125,79.125,6.9125,2.375,E ,90,True,Hujan,9,1,180
2019-03,1,9,137.459331,27.67354356,83.28663816,4.723796348,2.4,W ,270,True,Hujan,9,1,180
2019-03,2,9,180.659331,27.31,84.1,4.813796348,2.4,W ,270,True,Hujan,9,1,180
2019-03,3,9,41.0,28.0,83.54545455,4.945454545,2.454545455,W ,270,False,Hujan,10,1,135
2019-04,1,10,159.3557223,27.94,85.7,5.908582308,1.7,E ,90,True,Hujan,10,1,135
2019-04,2,10,141.3852408,28.43,84.0,5.24,1.8,E ,90,True,Hujan,11,1,135
2019-04,3,11,57.8,28.74,81.1,7.148582308,2.8,E ,90,True,Hujan,11,1,135
2019-05,1,11,53.9,28.61,79.4,8.0,1.9,E ,90,True,Hujan,11,1,135
2019-05,2,11,0.0,28.32,76.6,7.818582308,2.4,E ,90,False,Kemarau,12,0,90
2019-05,3,12,6.485240775,28.35751011,76.35679096,9.618181818,2.818181818,E ,90,False,Kemarau,12,0,90
2019-06,1,12,6.485240775,27.93,77.6,7.187164616,2.5,E ,90,False,Kemarau,12,0,90
2019-06,2,12,0.0,27.41,75.6,7.818582308,2.6,E ,90,False,Kemarau,12,0,90
2019-06,3,12,0.0,26.04,75.8,9.16,2.7,E ,90,False,Kemarau,12,0,90
2019-07,1,1,0.8,26.75,76.9,8.8,2.9,E ,90,False,Kemarau,1,0,45
2019-07,2,1,0.0,26.36,73.1,8.13,2.6,E ,90,False,Kemarau,1,0,45
2019-07,3,1,0.0,26.37272727,75.0,8.626200518,2.545454545,E ,90,False,Kemarau,1,0,45
2019-08,1,1,0.0,26.03,71.2,9.02588038,2.8,E ,90,False,Kemarau,1,0,45
2019-08,2,2,0.0,27.03,72.1,9.6,3.4,E ,90,False,Kemarau,1,0,45
2019-08,3,2,0.0,26.89090909,73.45454545,9.272727273,3.454545455,E ,90,False,Kemarau,2,0,45
2019-09,1,3,0.0,26.96,70.1,9.32,2.9,E ,90,False,Kemarau,2,0,45
2019-09,2,3,0.0,27.08,70.2,9.04,3.7,E ,90,False,Kemarau,3,0,0
2019-09,3,4,0.0,27.86,72.4,9.44,3.4,E ,90,False,Kemarau,3,0,0
2019-10,1,4,0.0,28.46,68.7,9.51,3.2,E ,90,False,Kemarau,4,0,315
2019-10,2,4,4.509667025,28.86,68.4,8.936145397,2.9,E ,90,False,Kemarau,4,0,315
2019-10,3,5,0.0,29.3,67.0,9.627272727,3.181818182,E ,90,False,Kemarau,4,0,315
2019-11,1,5,24.9,29.93,67.7,8.336145397,2.5,E ,90,False,Kemarau,4,0,315
2019-11,2,6,0.0,30.12,68.9,7.578436192,2.9,E ,90,False,Kemarau,5,0,315
2019-11,3,6,1.5,30.71,66.6,9.67,2.7,E ,90,False,Kemarau,5,0,315
2019-12,1,6,36.00966702,30.37472081,70.58588832,7.756145397,2.429465187,E ,90,False,Kemarau,5,0,315
2019-12,2,6,70.41933405,29.03680203,75.16472081,6.116145397,2.129465187,W ,270,True,Hujan,6,1,270
2019-12,3,6,124.877993,28.21370746,80.29648634,5.346717311,2.296459534,W ,270,True,Hujan,6,1,270
2020-01,1,7,146.3,27.79,83.3,3.73,3.3,W ,270,True,Hujan,6,1,270
2020-01,2,7,75.15933099,28.7,80.3,5.583796348,2.7,W ,270,True,Hujan,6,1,270
2020-01,3,7,139.818662,28.63636364,81.90909091,5.534175177,2.090909091,W ,270,True,Hujan,7,1,270
2020-02,1,7,182.159331,27.79,83.5,5.183796348,3.3,W ,270,True,Hujan,7,1,270
2020-02,2,8,134.2,27.26,87.5,3.99,2.2,W ,270,True,Hujan,7,1,270
2020-02,3,8,224.7,28.01111111,85.33333333,4.977777778,3.222222222,W ,270,True,Hujan,8,1,225
2020-03,1,9,151.459331,27.62,85.7,4.573796348,2.4,W ,270,True,Hujan,8,1,225
2020-03,2,9,93.31866197,28.86,81.1,6.313796348,2.0,W ,270,True,Hujan,9,1,180
2020-03,3,9,93.85933099,28.10909091,84.45454545,5.376178498,1.818181818,E ,90,True,Hujan,9,1,180
2020-04,1,10,78.35572233,28.16,84.2,5.3,2.0,E ,90,True,Hujan,9,1,180
2020-04,2,10,121.7,28.34,84.5,6.308582308,1.9,E ,90,True,Hujan,10,1,135
2020-04,3,11,167.9704816,29.13,79.1,7.238582308,2.8,E ,90,True,Hujan,10,1,135
2020-05,1,11,99.55572233,28.85,80.3,7.828582308,3.0,E ,90,True,Hujan,11,1,135
2020-05,2,11,88.22620388,28.46,82.0,7.127164616,2.5,E ,90,True,Hujan,11,1,135
2020-05,3,12,269.4852408,27.91818182,85.18181818,6.027272727,1.818181818,E ,90,True,Hujan,11,1,135
2020-06,1,12,19.47048155,27.76,81.4,5.598582308,2.8,E ,90,False,Kemarau,12,0,90
2020-06,2,12,43.98524078,28.02163056,79.89623503,8.33,2.7,E ,90,False,Kemarau,12,0,90
2020-06,3,12,3.815732881,27.3,77.6,8.22,2.6,E ,90,False,Kemarau,12,0,90
2020-07,1,1,3.115732881,27.23542142,77.90957042,7.97294019,2.5,E ,90,False,Kemarau,1,0,45
2020-07,2,1,1.631465761,28.01,75.6,7.93,3.0,E ,90,False,Kemarau,1,0,45
2020-07,3,1,3.462931522,26.63636364,74.81818182,8.720854718,2.636363636,E ,90,False,Kemarau,1,0,45
2020-08,1,1,1.631465761,27.06,77.0,8.3,3.2,E ,90,False,Kemarau,2,0,45
2020-08,2,2,23.81573288,27.94,77.3,8.67,3.3,E ,90,False,Kemarau,2,0,45
2020-08,3,2,1.631465761,27.6,73.27272727,8.945454545,3.636363636,E ,90,False,Kemarau,3,0,0
2020-09,1,3,0.0,28.64,71.8,8.8,3.4,E ,90,False,Kemarau,3,0,0
2020-09,2,3,15.97619972,28.09834549,71.20754374,7.907256763,3.37207235,E ,90,False,Kemarau,4,0,315
2020-09,3,4,36.0773362,28.85152284,72.35060914,7.213017782,3.506256307,E ,90,False,Kemarau,4,0,315
2020-10,1,4,0.0,29.29,70.0,8.11,3.0,E ,90,False,Kemarau,5,0,315
2020-10,2,4,13.52900107,29.32,71.5,5.836145397,3.3,E ,90,False,Kemarau,5,0,315
2020-10,3,5,58.10966702,28.95454545,77.0,7.054545455,2.636363636,E ,90,True,Hujan,6,1,270
2020-11,1,5,111.919334,29.13,76.2,6.41,2.5,E ,90,True,Hujan,6,1,270
2020-11,2,6,18.90966702,29.98,74.2,8.15,3.3,E ,90,False,Hujan,6,1,270
2020-11,3,6,54.8386681,28.39,79.8,4.31,2.1,W ,270,True,Hujan,6,1,270
2020-12,1,6,187.4,26.99,87.4,2.32,2.8,W ,270,True,Hujan,6,1,270
2020-12,2,6,257.7,26.88,85.8,2.69,2.3,E ,90,True,Hujan,7,1,270
2020-12,3,6,223.659331,27.85454545,82.27272727,4.663636364,2.454545455,W ,270,True,Hujan,7,1,270
